City_ID,City,Country,Lat,Lng,Max Temp,Humidity,Cloudiness,Wind Speed,Current Description
0,Jamestown,US,42.097,-79.2353,59.72,51,0,3.44,clear sky
1,Chicama,PE,-7.8447,-79.1469,59.54,85,97,6.08,overcast clouds
2,Roald,NO,62.5833,6.1333,46.33,93,22,3.44,few clouds
3,Mahebourg,MU,-20.4081,57.7,73.69,83,40,8.05,scattered clouds
4,Hithadhoo,MV,-0.6,73.0833,82.26,71,86,3.2,overcast clouds
5,Mar Del Plata,AR,-38.0023,-57.5575,47.08,87,0,5.75,clear sky
6,Punta Arenas,CL,-53.15,-70.9167,44.71,65,75,19.57,broken clouds
7,Dingle,PH,10.9995,122.6711,87.6,63,100,7.31,overcast clouds
8,Lebu,CL,-37.6167,-73.65,50.85,88,100,4.97,overcast clouds
9,Merrill,US,45.1805,-89.6835,58.15,96,100,0.0,overcast clouds
10,Ushuaia,AR,-54.8,-68.3,44.26,70,75,14.97,light intensity drizzle
11,Klaksvik,FO,62.2266,-6.589,50.92,88,92,6.67,overcast clouds
12,Komsomolskiy,UZ,40.4272,71.7189,83.12,28,0,6.91,clear sky
13,Coihaique,CL,-45.5752,-72.0662,36.21,100,40,4.61,scattered clouds
14,Chuy,UY,-33.6971,-53.4616,54.12,95,100,4.63,overcast clouds
15,Korablino,RU,53.9164,40.0133,54.28,87,0,11.21,clear sky
16,Altay,CN,47.8667,88.1167,57.99,53,17,6.89,few clouds
17,Narsaq,GL,60.9167,-46.05,50.22,61,97,1.99,overcast clouds
18,Georgetown,MY,5.4112,100.3354,89.53,74,40,5.75,scattered clouds
19,Geraldton,AU,-28.7667,114.6,72.01,30,0,18.41,clear sky
20,Desterro,BR,-7.2906,-37.0939,64.49,96,5,7.52,clear sky
21,Lasa,IT,46.6166,10.7002,48.69,82,1,3.96,clear sky
22,Bredasdorp,ZA,-34.5322,20.0403,55.2,49,29,5.37,scattered clouds
23,Port Alfred,ZA,-33.5906,26.891,57.51,78,8,8.66,clear sky
24,Dikson,RU,73.5069,80.5464,31.06,91,100,14.43,overcast clouds
25,Malanje,AO,-9.5402,16.341,53.53,58,61,5.68,broken clouds
26,Mehamn,NO,71.0357,27.8492,46.31,83,81,22.01,broken clouds
27,Colmenar Viejo,ES,40.6591,-3.7676,65.71,62,29,3.29,scattered clouds
28,Cayenne,GF,4.9333,-52.3333,81.09,1,100,2.3,overcast clouds
29,Guia Lopes Da Laguna,BR,-21.4578,-56.1142,70.61,58,99,2.37,overcast clouds
30,Port Elizabeth,ZA,-33.918,25.5701,55.31,82,0,5.01,clear sky
31,Ginda,IN,30.6945,78.4932,83.71,15,0,5.55,clear sky
32,Vila Franca Do Campo,PT,37.7167,-25.4333,68.2,96,97,5.75,overcast clouds
33,Hermanus,ZA,-34.4187,19.2345,62.19,46,10,8.32,clear sky
34,Leh,IN,34.1667,77.5833,53.28,39,18,4.81,few clouds
35,Carnot,CF,4.9409,15.8665,67.8,98,100,1.3,light rain
36,Cananeia,BR,-25.0147,-47.9267,63.55,94,42,3.56,scattered clouds
37,Penzance,GB,50.1186,-5.5371,50.68,89,2,9.13,clear sky
38,Cidreira,BR,-30.1811,-50.2056,62.87,97,100,7.14,moderate rain
39,Teguldet,RU,57.3064,88.1667,41.4,90,100,6.44,overcast clouds
40,Saint-Denis,FR,48.9167,2.3333,57.11,90,0,4.61,clear sky
41,San Andres,CO,12.5847,-81.7006,82.42,83,75,4.61,broken clouds
42,Qaanaaq,GL,77.484,-69.3632,24.76,70,43,6.82,scattered clouds
43,Saint-Philippe,RE,-21.3585,55.7679,72.99,73,57,7.92,broken clouds
44,Morros,BR,-9.4467,-46.3003,69.35,69,0,5.37,clear sky
45,Cape Town,ZA,-33.9258,18.4232,64.11,55,0,5.75,clear sky
46,Bambous Virieux,MU,-20.3428,57.7575,73.65,83,40,8.05,light rain
47,Kruisfontein,ZA,-34.0033,24.7314,53.15,71,6,7.11,clear sky
48,Porto Novo,BJ,6.4965,2.6036,76.82,80,100,4.18,overcast clouds
49,Thinadhoo,MV,0.5333,72.9333,82.99,71,100,5.23,overcast clouds
50,Gewane,ET,10.1664,40.6453,82.4,45,68,4.29,light rain
51,Souillac,MU,-20.5167,57.5167,73.78,83,40,8.05,scattered clouds
52,Busselton,AU,-33.65,115.3333,61.47,51,95,9.57,overcast clouds
53,Eyl,SO,7.9803,49.8164,82.27,62,37,21.41,scattered clouds
54,Natal,BR,-5.795,-35.2094,77.22,88,0,8.05,clear sky
55,Ribeira Grande,PT,38.5167,-28.7,64.99,95,69,12.55,broken clouds
56,Ilhabela,BR,-23.7781,-45.3581,67.26,83,79,7.78,broken clouds
57,Llandrindod Wells,GB,52.2416,-3.3787,49.95,98,100,1.45,overcast clouds
58,Aktanysh,RU,55.7216,54.0829,61.2,75,100,0.96,overcast clouds
59,Mumford,GH,5.2618,-0.759,77.63,83,100,6.4,overcast clouds
60,Aasiaat,GL,68.7098,-52.8699,28.87,77,2,11.32,clear sky
61,Rahatgarh,IN,23.7833,78.3667,101.66,11,15,16.11,few clouds
62,Meulaboh,ID,4.1363,96.1285,84.85,67,84,2.26,broken clouds
63,Calabozo,VE,8.9242,-67.4293,71.94,95,23,0.92,few clouds
64,Vardo,NO,70.3705,31.1107,44.58,87,100,21.85,overcast clouds
65,Piacabucu,BR,-10.4056,-36.4344,74.61,84,94,17.52,overcast clouds
66,Bud,US,39.447,-86.1758,68.14,75,91,4.94,overcast clouds
67,Svetlyy,RU,54.675,20.1347,53.65,87,97,8.75,overcast clouds
68,Ankazoabo,MG,-22.2833,44.5167,60.94,83,0,4.05,clear sky
69,Saldanha,ZA,-33.0117,17.9442,46.45,37,0,8.3,clear sky
70,Lubango,AO,-14.9172,13.4925,48.7,53,36,7.74,scattered clouds
71,Sao Filipe,CV,14.8961,-24.4956,75.45,73,2,11.05,clear sky
72,Hit,IQ,33.6416,42.8251,92.93,12,97,9.75,overcast clouds
73,Ust-Tsilma,RU,65.441,52.1498,60.91,35,7,7.43,clear sky
74,Panama City,PA,8.9936,-79.5197,80.44,88,100,1.14,overcast clouds
75,Arraial Do Cabo,BR,-22.9661,-42.0278,68.27,69,3,17.76,clear sky
76,Kibakwe,TZ,-6.7167,36.3667,60.64,85,82,2.91,broken clouds
77,Jibuti,DJ,11.5,42.5,86.16,38,79,1.14,broken clouds
78,Torbay,CA,47.6666,-52.7314,46.58,71,100,9.22,overcast clouds
79,Parrita,CR,9.5201,-84.3225,74.82,93,100,5.55,overcast clouds
80,Victoria,HK,22.2855,114.1577,88.97,81,100,18.99,overcast clouds
81,Faya,SA,18.3851,42.4509,69.91,17,1,0.31,clear sky
82,Vila Velha,BR,-20.3297,-40.2925,62.55,92,75,2.3,broken clouds
83,Andenes,NO,69.3143,16.1194,44.58,76,40,17.27,scattered clouds
84,East London,ZA,-33.0153,27.9116,56.34,88,0,5.75,clear sky
85,Barras,BR,-4.2444,-42.2944,72.82,95,98,3.11,overcast clouds
86,Uarini,BR,-2.99,-65.1083,71.89,98,63,1.19,moderate rain
87,Boende,CD,-0.2167,20.8667,70.16,96,88,2.68,overcast clouds
88,Itarare,BR,-24.1125,-49.3317,56.26,92,11,2.37,few clouds
89,Ostrovnoy,RU,68.0531,39.5131,54.5,75,98,6.02,overcast clouds
90,Luena,AO,-11.7833,19.9167,47.07,73,1,5.57,clear sky
91,Belyy Yar,RU,53.6039,91.3903,58.86,54,0,17.9,clear sky
92,Kapuskasing,CA,49.4169,-82.4331,55.49,71,100,8.05,overcast clouds
93,Tazovskiy,RU,67.4667,78.7,36.28,61,100,5.95,overcast clouds
94,Agboville,CI,5.928,-4.2132,72.88,98,100,1.83,overcast clouds
95,Nanortalik,GL,60.1432,-45.2371,42.78,75,99,2.46,overcast clouds
96,Tasiilaq,GL,65.6145,-37.6368,35.76,62,8,6.38,clear sky
97,Luderitz,NA,-26.6481,15.1594,69.13,28,0,20.98,clear sky
98,Sambava,MG,-14.2667,50.1667,69.33,76,4,9.04,clear sky
99,Keetmanshoop,NA,-26.5833,18.1333,52.5,32,57,9.19,broken clouds
100,Tambopata,PE,-12.7333,-69.1833,75.31,78,96,1.74,overcast clouds
101,Sargatskoye,RU,55.6101,73.4972,58.32,54,8,7.63,clear sky
102,Quatre Cocos,MU,-20.2078,57.7625,73.51,73,70,12.5,light rain
103,Muisne,EC,0.6,-80.0333,74.07,83,100,9.04,overcast clouds
104,Edremit,TR,39.5961,27.0244,65.95,68,0,4.61,clear sky
105,Sao Joao Da Barra,BR,-21.6403,-41.0511,66.85,64,6,7.36,clear sky
106,Dharchula,IN,29.85,80.5333,88.18,17,0,6.2,clear sky
107,Alice Town,BS,25.7167,-79.3,80.42,76,5,7.54,clear sky
108,Mitchelstown,IE,52.2658,-8.2681,52.56,98,100,2.44,overcast clouds
109,Husavik,IS,66.0449,-17.3389,39.69,64,11,16.51,few clouds
110,Cuamba,MZ,-14.8031,36.5372,58.82,89,74,6.4,broken clouds
111,Aras,ES,42.5617,-2.356,52.21,88,0,4.61,clear sky
112,Glace Bay,CA,46.1969,-59.957,50.45,89,75,5.75,broken clouds
113,Japura,ID,-0.3167,102.35,88.07,59,99,3.53,overcast clouds
114,Ambilobe,MG,-13.2,49.05,68.05,78,11,3.53,few clouds
115,Touros,BR,-5.1989,-35.4608,73.38,88,25,10.85,scattered clouds
116,Pinos Puente,ES,37.2511,-3.7497,65.05,51,0,0.0,clear sky
117,Presidencia Roque Saenz Pena,AR,-26.7852,-60.4388,62.94,99,100,5.82,light rain
118,Boyabat,TR,41.4689,34.7667,67.26,64,6,3.02,clear sky
119,Aleksandrovskoye,RU,44.7142,43.0008,66.4,88,92,13.13,overcast clouds
120,Praia,CV,14.9215,-23.5087,72.14,83,20,19.57,few clouds
121,Cockburn Town,TC,21.4612,-71.1419,81.45,85,100,12.55,overcast clouds
122,Awjilah,LY,29.1081,21.2869,76.37,44,0,7.16,clear sky
123,Yomou,GN,7.5603,-9.2653,69.31,99,100,2.19,overcast clouds
124,Turka,UA,49.1541,23.0297,52.65,95,4,1.74,clear sky
125,Bengkulu,ID,-3.8004,102.2655,83.52,66,89,3.2,overcast clouds
126,Upernavik,GL,72.7868,-56.1549,27.12,82,6,8.37,clear sky
127,Floro,NO,61.5996,5.0328,46.36,100,5,4.61,clear sky
128,Yugo-Kamskiy,RU,57.7053,55.5894,62.62,71,100,1.07,overcast clouds
129,Morant Bay,JM,17.8815,-76.4093,82.02,90,84,9.51,broken clouds
130,Lagoa,PT,39.05,-27.9833,63.77,93,67,17.27,broken clouds
131,Ilulissat,GL,69.2167,-51.1,39.22,30,0,6.91,clear sky
132,Gat,IL,31.61,34.7642,74.39,100,0,1.07,clear sky
133,Pisco,PE,-13.7,-76.2167,62.65,88,27,13.8,mist
134,Pulivendla,IN,14.4167,78.2333,86.22,48,100,10.18,overcast clouds
135,Corinto,GR,37.9407,22.9573,75.88,62,38,3.53,scattered clouds
136,Hofn,IS,64.2539,-15.2082,50.2,61,77,12.39,broken clouds
137,Padang,ID,-0.9492,100.3543,87.85,62,93,3.47,overcast clouds
138,Farah,AF,32.5,62.5,79.61,12,0,4.83,clear sky
139,Bathsheba,BB,13.2167,-59.5167,81.21,83,75,20.71,broken clouds
140,Vagur,FO,61.4732,-6.8119,49.5,91,90,13.0,overcast clouds
141,Caravelas,BR,-17.7125,-39.2481,71.31,62,75,8.01,broken clouds
142,Tamandare,BR,-8.7597,-35.1047,74.77,85,33,5.99,scattered clouds
143,Salalah,OM,17.0151,54.0924,84.29,79,40,2.3,scattered clouds
144,Pskov,RU,57.8136,28.3496,57.11,82,0,8.95,clear sky
145,Usogorsk,RU,63.4106,48.6872,60.46,65,49,4.9,scattered clouds
146,Benghazi,LY,32.1167,20.0667,74.32,74,0,7.38,clear sky
147,Kolobrzeg,PL,54.1757,15.5834,59.97,65,100,12.57,overcast clouds
148,Axim,GH,4.8699,-2.2405,77.4,87,96,5.12,light rain
149,Neftcala,AZ,39.3742,49.2472,73.94,64,3,11.79,clear sky
150,Hualmay,PE,-11.0964,-77.6139,64.17,87,100,11.68,overcast clouds
151,Kavaratti,IN,10.5669,72.642,82.83,75,100,11.07,light rain
152,Misratah,LY,32.3754,15.0925,75.51,64,0,6.71,clear sky
153,Amapa,BR,1.0,-52.0,70.47,99,99,1.43,overcast clouds
154,Beruwala,LK,6.4788,79.9828,80.42,82,86,9.91,overcast clouds
155,Hambantota,LK,6.1241,81.1185,82.74,83,40,12.66,scattered clouds
156,Obo,CF,5.3998,26.4869,66.42,98,36,3.58,scattered clouds
157,Nevsehir,TR,38.9167,34.6667,60.01,82,40,3.44,scattered clouds
158,Dolores,AR,-36.3132,-57.6792,46.89,88,43,4.14,scattered clouds
159,Knysna,ZA,-34.0363,23.0471,58.82,62,3,5.77,clear sky
160,Pangnirtung,CA,66.1451,-65.7125,31.12,81,1,5.7,clear sky
161,Tonk,IN,26.1667,75.7833,98.56,13,0,12.75,clear sky
162,Belmonte,BR,-15.8631,-38.8828,71.26,72,94,9.15,overcast clouds
163,Coquimbo,CL,-29.9533,-71.3436,51.53,81,0,6.91,clear sky
164,Inverness,GB,57.4791,-4.224,50.99,93,100,3.44,overcast clouds
165,Ketou,BJ,7.3633,2.5998,73.87,87,100,1.61,overcast clouds
166,Nkowakowa,ZA,-23.8878,30.2871,56.97,85,58,2.89,broken clouds
167,Cusuna,HN,15.85,-85.2333,77.63,82,100,4.99,overcast clouds
168,Henties Bay,NA,-22.116,14.2845,72.81,31,70,21.9,broken clouds
169,Rio Grande,BR,-32.035,-52.0986,59.95,94,100,3.67,light rain
170,Luanda,AO,-8.8368,13.2343,69.8,94,20,1.14,few clouds
171,Numan,NG,9.4667,12.0333,74.3,81,71,4.68,broken clouds
172,Marawi,PH,7.9986,124.2928,83.28,56,96,2.82,overcast clouds
173,Oneonta,US,42.4529,-75.0638,56.84,71,53,2.66,broken clouds
174,Saint-Pierre,RE,-21.3393,55.4781,73.9,49,0,9.22,clear sky
175,Ponta Do Sol,PT,32.6667,-17.1,63.72,76,59,1.34,broken clouds
176,Harper,LR,4.375,-7.7169,77.02,88,100,6.53,moderate rain
177,Codrington,AU,-38.2667,141.9667,52.09,67,76,18.75,broken clouds
178,Santa Cruz,BO,-17.8,-63.1667,71.06,94,40,11.5,scattered clouds
179,Asmara,ER,15.3333,38.9333,66.24,31,3,1.7,clear sky
180,Ostersund,SE,63.1792,14.6357,42.62,75,20,5.99,few clouds
181,Atar,MR,20.5169,-13.0499,85.86,17,100,10.2,overcast clouds
182,Valera,VE,9.3178,-70.6036,71.46,81,29,5.46,scattered clouds
183,Zhezkazgan,KZ,47.8043,67.7144,73.38,23,40,6.71,scattered clouds
184,Farafangana,MG,-22.8167,47.8333,66.63,89,28,4.72,scattered clouds
185,Saint George,US,37.1041,-113.5841,88.39,22,0,5.75,clear sky
186,Shush,IR,32.1942,48.2436,100.47,15,14,13.62,few clouds
187,Warrington,GB,53.3925,-2.5802,52.45,88,100,3.44,overcast clouds
188,Saint-Augustin,CA,51.226,-58.6502,45.88,82,100,8.14,overcast clouds
189,Muyuka,CM,4.2898,9.4103,73.0,98,98,1.79,moderate rain
190,Boras,SE,57.721,12.9401,55.49,67,100,3.83,overcast clouds
191,Longyearbyen,SJ,78.2186,15.6401,46.24,76,75,0.0,broken clouds
192,Melnikovo,RU,56.5558,84.085,45.25,53,58,8.61,broken clouds
193,Clyde River,CA,70.4692,-68.5914,26.83,100,16,0.0,few clouds
194,Le Pradet,FR,43.1066,6.0172,72.19,78,0,4.61,clear sky
195,Mbala,ZM,-8.8402,31.3659,51.51,87,24,11.18,few clouds
196,Tariba,VE,7.8188,-72.2243,66.76,96,100,3.09,overcast clouds
197,Jaciara,BR,-15.9653,-54.9683,67.86,57,31,2.57,scattered clouds
198,Veraval,IN,20.9,70.3667,85.08,68,10,7.94,clear sky
199,Carutapera,BR,-1.195,-46.02,74.34,94,100,4.61,overcast clouds
200,Tselinnoye,RU,53.0833,85.6667,51.21,69,91,10.45,light rain
201,Samdari,IN,25.8167,72.5833,91.78,32,19,14.14,few clouds
202,Kumluca,TR,36.3703,30.2869,75.25,63,3,2.84,clear sky
203,Nova Olimpia,BR,-14.7972,-57.2881,71.87,53,2,3.71,clear sky
204,Rio De Jesus,PA,7.9844,-81.1631,74.98,94,100,4.97,overcast clouds
205,San Rafael,AR,-34.6177,-68.3301,49.77,49,0,5.21,clear sky
206,Jiwani,PK,25.05,61.7417,83.44,78,0,8.01,clear sky
207,Lucapa,AO,-8.4192,20.7447,56.44,56,2,4.59,clear sky
208,Richards Bay,ZA,-28.783,32.0377,64.31,79,100,2.28,overcast clouds
209,Berlevag,NO,70.8578,29.0864,46.35,71,100,14.97,overcast clouds
210,Visnes,NO,59.3556,5.2242,50.22,81,0,3.44,clear sky
211,Katiola,CI,8.1333,-5.1,70.65,94,100,4.29,overcast clouds
212,Castro,BR,-24.7911,-50.0119,53.44,92,54,2.44,broken clouds
213,Ikongo,MG,-21.8833,47.4333,62.62,97,77,1.41,broken clouds
214,Muros,ES,42.7762,-9.0603,63.09,88,100,11.18,overcast clouds
215,Paulo Afonso,BR,-9.4061,-38.2147,68.49,86,99,10.16,overcast clouds
216,Hearst,CA,49.6835,-83.6665,48.45,95,45,5.86,scattered clouds
217,Humberto De Campos,BR,-2.5983,-43.4611,73.33,96,100,4.47,light rain
218,Halifax,CA,44.6453,-63.5724,53.49,95,49,3.44,scattered clouds
219,Eastlake,US,41.6539,-81.4504,69.67,57,0,9.22,clear sky
220,Sinop,TR,41.7711,34.8709,61.23,73,6,2.8,clear sky
221,Doha,QA,25.2867,51.5333,89.58,52,0,6.91,clear sky
222,Sao Jose Da Coroa Grande,BR,-8.8978,-35.1478,74.62,86,30,5.32,scattered clouds
223,Antofagasta,CL,-23.65,-70.4,58.28,78,10,3.36,clear sky
224,Vilnius,LT,54.6892,25.2798,58.08,77,0,2.3,clear sky
225,Muli,MV,2.9167,73.5667,82.85,72,98,8.43,overcast clouds
226,Tweed,CA,44.4751,-77.3162,58.05,82,80,2.82,broken clouds
227,Troy,US,42.6056,-83.1499,64.33,58,75,8.05,broken clouds
228,Dindori,IN,22.95,81.0833,102.33,10,53,9.93,broken clouds
229,Sangerhausen,DE,51.4667,11.3,61.03,86,77,6.42,broken clouds
230,Tanda,IN,26.55,82.65,99.68,34,74,6.62,broken clouds
231,Beloha,MG,-25.1667,45.05,66.07,87,11,12.35,few clouds
232,Grand Gaube,MU,-20.0064,57.6608,73.8,77,55,1.99,broken clouds
233,Hayrabolu,TR,41.2131,27.1069,66.45,66,1,3.76,clear sky
234,Santa Marta,CO,11.2408,-74.199,80.65,78,75,5.75,broken clouds
235,Morlaix,FR,48.5833,-4.0,53.65,93,0,6.91,clear sky
236,Irtyshskiy,RU,58.3333,68.1333,56.62,44,93,2.84,overcast clouds
237,Boke,GN,10.9409,-14.2967,75.52,94,100,1.95,overcast clouds
238,Ikom,NG,5.9667,8.7063,72.01,97,100,1.5,light rain
239,Marzuq,YE,14.4,46.4667,81.27,28,38,3.83,scattered clouds
240,Gengenbach,DE,48.4,8.0167,62.01,86,41,1.01,scattered clouds
241,Sinnamary,GF,5.3833,-52.95,75.43,91,100,12.08,overcast clouds
242,Jizan,SA,17.3333,42.6667,85.14,64,0,0.49,clear sky
243,Nikel,RU,69.4128,30.222,46.58,69,83,20.56,broken clouds
244,Katima Mulilo,NA,-17.5,24.2667,46.44,71,8,5.1,clear sky
245,Coreau,BR,-3.5333,-40.6567,70.63,97,68,2.44,broken clouds
246,Jalu,LY,29.0331,21.5482,77.04,40,0,6.93,clear sky
247,Khandbari,NP,27.3747,87.2039,76.82,77,98,2.3,overcast clouds
248,Khndzoresk,AM,39.5122,46.4328,69.17,53,8,4.81,clear sky
249,Inhambane,MZ,-23.865,35.3833,69.78,68,40,12.66,scattered clouds
250,Louga,RU,58.7372,29.8453,51.87,88,100,8.43,overcast clouds
251,Carnarvon,AU,-24.8667,113.6333,73.6,44,0,1.83,clear sky
252,Dwarka,IN,22.2394,68.9678,84.07,71,34,11.88,scattered clouds
253,Portage,US,41.1667,-81.1998,66.61,66,0,5.75,clear sky
254,Kita,ML,13.0349,-9.4895,86.67,34,83,4.41,broken clouds
255,Margate,GB,51.3813,1.3862,53.31,92,82,4.0,broken clouds
256,Poptun,GT,16.3311,-89.4169,69.51,96,99,4.14,overcast clouds
257,Jutai,BR,-5.1833,-68.9,71.01,98,64,1.81,broken clouds
258,Xuddur,SO,4.1213,43.8894,71.08,84,67,17.11,broken clouds
259,Chik,RU,54.9928,82.4311,49.75,53,75,11.18,broken clouds
260,Havelock,US,34.8791,-76.9013,71.92,74,3,6.35,clear sky
261,Varna,BG,43.2167,27.9167,66.34,89,100,11.5,overcast clouds
262,Cururupu,BR,-1.8283,-44.8683,72.46,98,99,1.95,overcast clouds
263,Asbestos,CA,45.7668,-71.9324,51.13,91,31,1.43,scattered clouds
264,Impfondo,CG,1.6381,18.0667,70.27,96,97,2.48,light rain
265,Mana,GF,5.6592,-53.7767,76.69,87,100,13.91,light rain
266,Plettenberg Bay,ZA,-34.0527,23.3716,59.56,57,3,5.21,clear sky
267,Brae,GB,60.3964,-1.353,49.01,88,49,1.97,scattered clouds
268,San Juan Bautista,PE,-14.0108,-75.7358,65.52,68,31,6.98,scattered clouds
269,Los Llanos De Aridane,ES,28.6585,-17.9182,65.95,81,75,17.27,broken clouds
270,Tabuk,PH,17.4189,121.4443,89.71,59,58,4.38,broken clouds
271,Woonsocket,US,42.0029,-71.5148,60.17,81,0,3.44,clear sky
272,Krasnoshchekovo,RU,51.6708,82.7289,54.88,66,99,6.8,overcast clouds
273,Saint Anthony,US,45.0205,-93.218,63.86,83,40,9.22,scattered clouds
274,Kabalo,CD,-6.05,26.9167,65.48,64,40,4.27,scattered clouds
275,Dasoguz,TM,41.8363,59.9666,87.75,19,0,9.22,clear sky
276,Maceio,BR,-9.6658,-35.7353,74.64,88,100,12.66,overcast clouds
277,Cap Malheureux,MU,-19.9842,57.6142,72.46,77,45,1.99,scattered clouds
278,Bridlington,GB,54.0831,-0.1919,50.14,87,100,12.5,overcast clouds
279,Walvis Bay,NA,-22.9575,14.5053,74.35,23,26,20.71,scattered clouds
280,Rocha,UY,-34.4833,-54.3333,48.38,96,71,4.23,broken clouds
281,Yazman,PK,29.1212,71.7446,101.32,21,0,7.61,clear sky
282,Bay Roberts,CA,47.5999,-53.2648,47.34,65,97,1.99,overcast clouds
283,Itupiranga,BR,-5.1347,-49.3267,77.32,97,52,1.48,broken clouds
284,Nuuk,GL,64.1835,-51.7216,45.21,57,0,12.66,clear sky
285,Pinheiro Machado,BR,-31.5783,-53.3811,55.06,98,100,1.36,moderate rain
286,Iqaluit,CA,63.7506,-68.5145,37.13,81,20,11.5,few clouds
287,Gambela,ET,8.25,34.5833,70.95,74,38,3.87,scattered clouds
288,Encruzilhada Do Sul,BR,-30.5439,-52.5219,58.6,100,100,2.21,heavy intensity rain
289,Tessalit,ML,20.1986,1.0114,87.76,9,1,8.9,clear sky
290,Bocaiuva,BR,-17.1078,-43.815,53.31,87,1,4.23,clear sky
291,Gbarnga,LR,6.9956,-9.4722,70.79,100,100,1.83,overcast clouds
292,Kibondo,TZ,-3.5864,30.7203,55.17,84,76,2.04,broken clouds
293,Punalur,IN,9.0,76.9333,83.71,74,96,3.02,overcast clouds
294,Aktau,KZ,43.65,51.2,79.38,43,80,5.21,broken clouds
295,Young,UY,-32.6833,-57.6333,49.89,91,96,3.27,overcast clouds
296,Naryan-Mar,RU,67.6713,53.087,61.18,30,43,11.25,scattered clouds
297,Sao Felix Do Xingu,BR,-6.6447,-51.995,69.04,97,10,1.23,clear sky
298,Mocuba,MZ,-16.8392,36.9856,62.37,97,64,5.77,broken clouds
299,Praia Da Vitoria,PT,38.7333,-27.0667,64.76,100,20,8.84,few clouds
300,Rawson,AR,-43.3002,-65.1023,54.25,54,99,20.83,overcast clouds
301,Karlskoga,SE,59.3267,14.5239,52.92,75,98,8.12,overcast clouds
302,Kasempa,ZM,-13.4584,25.8338,47.05,84,12,6.33,few clouds
303,Mogadishu,SO,2.0371,45.3438,82.27,74,40,16.11,scattered clouds
304,Pocone,BR,-16.2567,-56.6228,72.86,45,80,6.04,broken clouds
305,Boffa,GN,10.1667,-14.0333,77.9,88,100,2.46,overcast clouds
306,Alamor,EC,-4.0181,-80.0197,55.44,86,100,2.93,overcast clouds
307,Maralal,KE,1.0968,36.698,57.76,71,94,0.67,overcast clouds
308,Okitipupa,NG,6.5047,4.7839,71.24,93,100,2.17,overcast clouds
309,Borovskoy,KZ,53.8,64.15,57.99,59,100,10.2,overcast clouds
310,Panjab,AF,34.388,67.0233,60.01,33,0,1.32,clear sky
311,Bela Vista,BR,-22.1089,-56.5211,70.23,62,100,4.9,overcast clouds
312,Rio Bueno,CL,-40.3167,-72.9667,48.34,90,100,8.1,light rain
313,Madison,US,34.7334,-86.5667,73.2,78,0,8.05,clear sky
314,Paamiut,GL,61.994,-49.6678,39.51,80,0,6.29,clear sky
315,Lixourion,GR,38.2019,20.4314,76.87,67,54,4.12,broken clouds
316,Zelenoborskiy,RU,66.845,32.3622,49.21,73,24,7.87,few clouds
317,Adrar,MR,20.5022,-10.0711,86.04,12,99,14.05,overcast clouds
318,Comodoro Rivadavia,AR,-45.8667,-67.5,51.66,35,0,11.5,clear sky
319,Prainha,BR,-1.8,-53.48,71.53,99,95,2.64,overcast clouds
320,Acarau,BR,-2.8856,-40.12,74.61,90,80,10.11,broken clouds
321,Maarianhamina,AX,60.0973,19.9348,55.26,67,0,5.75,clear sky
322,Kovur,IN,14.4833,79.9833,96.58,37,98,13.8,overcast clouds
323,Montepuez,MZ,-13.1256,38.9997,62.78,83,64,7.23,broken clouds
324,Tonota,BW,-21.4833,27.4833,53.62,87,67,15.5,broken clouds
325,Charleston,US,32.7766,-79.9309,77.02,76,100,10.36,overcast clouds
326,Ancud,CL,-41.8697,-73.8203,50.79,95,100,28.12,moderate rain
327,Bilma,NE,18.6853,12.9164,85.08,34,98,6.08,overcast clouds
328,Usinsk,RU,65.9939,57.5281,57.99,34,74,7.52,broken clouds
329,Tirumullaivasal,IN,11.2333,79.8333,87.66,58,100,11.27,overcast clouds
330,Ippy,CF,6.2679,21.2247,68.29,95,100,7.9,overcast clouds
331,Baiao,BR,-2.7906,-49.6717,71.49,100,100,1.54,overcast clouds
332,Mindelo,CV,16.8901,-24.9804,72.95,78,40,29.93,scattered clouds
333,Monrovia,LR,6.3005,-10.7969,77.11,86,100,3.09,light rain
334,Bandarbeyla,SO,9.4942,50.8122,82.81,65,60,22.95,broken clouds
335,Sakakah,SA,29.9697,40.2064,87.37,14,48,14.45,scattered clouds
336,Panara,IN,22.0667,78.55,99.91,13,36,15.08,scattered clouds
337,Harlingen,US,26.1906,-97.6961,82.31,92,20,12.66,few clouds
338,Constitucion,CL,-35.3333,-72.4167,51.75,85,13,4.14,few clouds
339,Sukhumi,GE,43.0033,41.0153,71.85,79,81,9.06,broken clouds
340,Harer,ET,9.3094,42.1258,64.04,72,92,7.09,overcast clouds
341,Krasnoarmeysk,RU,51.0239,45.6969,56.21,92,100,14.58,light rain
342,Nizwa,OM,22.9333,57.5333,94.78,20,0,2.55,clear sky
343,Saint-Lo,FR,49.1162,-1.0903,48.63,98,14,7.2,few clouds
344,Bubaque,GW,11.2833,-15.8333,79.72,81,88,11.45,overcast clouds
345,Korba,IN,22.35,82.6833,100.9,27,62,5.64,broken clouds
346,Minchinabad,PK,30.163,73.5685,107.28,11,0,6.29,clear sky
347,Buckingham,GB,51.9997,-0.9878,51.91,73,100,1.01,overcast clouds
348,Sao Raimundo Das Mangabeiras,BR,-7.0219,-45.4811,76.41,62,62,8.37,broken clouds
349,Tutin,RS,42.9903,20.3314,65.97,83,92,3.6,overcast clouds
350,Valdivia,CL,-39.8142,-73.2459,48.29,95,100,6.26,heavy intensity rain
351,Raudeberg,NO,61.9875,5.1352,45.27,75,11,10.51,few clouds
352,San Cristobal,VE,7.7669,-72.225,66.38,97,99,2.53,overcast clouds
353,Kotka,FI,60.4664,26.9458,51.06,64,1,8.84,clear sky
354,Gamba,GA,-2.65,10.0,71.38,96,99,1.99,overcast clouds
355,Esna,EG,25.2934,32.554,82.42,22,81,9.69,broken clouds
356,Nogent-Le-Rotrou,FR,48.3333,1.0,47.05,97,61,7.47,broken clouds
357,Maposeni,TZ,-10.5833,35.4,58.6,87,33,3.11,scattered clouds
358,Quchan,IR,37.106,58.5095,74.35,18,0,7.07,clear sky
359,Le Port,RE,-20.9373,55.2919,75.25,55,19,5.86,few clouds
360,Nalut,LY,30.3333,10.85,76.69,33,0,9.53,clear sky
361,Vestmannaeyjar,IS,63.4427,-20.2734,48.33,83,99,4.81,overcast clouds
362,Umm Kaddadah,SD,13.6017,26.6876,84.31,16,88,2.93,overcast clouds
363,Aksu,CN,41.1231,80.2644,82.56,13,100,1.23,overcast clouds
364,Mukhtolovo,RU,55.4644,43.1953,56.77,81,20,7.76,few clouds
365,Nouadhibou,MR,20.931,-17.0347,67.98,77,76,20.71,broken clouds
366,Varzea Da Palma,BR,-17.5981,-44.7308,58.5,76,2,2.44,clear sky
367,Santa Rosa,PH,14.3122,121.1114,93.11,63,82,8.79,broken clouds
368,Sistranda,NO,63.7256,8.834,44.56,71,52,5.55,broken clouds
369,Agadez,NE,19.75,10.25,79.52,15,0,5.64,clear sky
370,Banda Aceh,ID,5.5577,95.3222,86.45,66,69,7.67,broken clouds
371,Pervoye Maya,RU,56.164,44.7196,58.21,82,77,5.75,broken clouds
372,Krasnoselkup,RU,65.7,82.4667,42.46,39,11,7.23,few clouds
373,Lyndon,US,38.2567,-85.6016,73.0,69,40,4.61,scattered clouds
374,Gazanjyk,TM,39.2446,55.5154,93.97,9,17,17.0,few clouds
375,Chimoio,MZ,-19.1164,33.4833,55.26,88,75,9.64,broken clouds
376,Letterkenny,IE,54.95,-7.7333,47.84,92,93,1.39,overcast clouds
377,Watertown,US,42.3709,-71.1828,61.0,73,0,5.75,clear sky
378,Venice,US,27.0998,-82.4543,80.62,85,0,4.61,clear sky
379,Inongo,CD,-1.95,18.2667,69.67,79,100,3.15,overcast clouds
380,Kitgum,UG,3.2783,32.8867,69.64,74,82,3.49,broken clouds
381,Aljustrel,PT,37.8776,-8.1652,53.47,93,11,5.28,few clouds
382,Omboue,GA,-1.5746,9.2618,72.16,96,99,2.24,overcast clouds
383,Rio Gallegos,AR,-51.6226,-69.2181,46.45,57,40,26.46,scattered clouds
384,Xai-Xai,MZ,-25.0519,33.6442,69.82,60,95,16.82,overcast clouds
385,Tabas,IR,33.5959,56.9244,88.63,9,0,2.95,clear sky
386,Methoni,GR,36.8197,21.7049,66.06,64,3,3.47,clear sky
387,Umm Lajj,SA,25.0213,37.2685,87.4,43,38,8.25,scattered clouds
388,Santa Lucia,ES,27.9117,-15.5407,61.92,60,20,20.71,few clouds
389,Papayal,PE,-4.0761,-80.7361,68.34,73,90,3.71,overcast clouds
390,Paracatu,BR,-17.2222,-46.8747,59.59,67,0,2.01,clear sky
391,Arlit,NE,18.7369,7.3853,80.58,42,5,12.82,clear sky
392,Sabha,LY,27.0377,14.4283,76.55,24,0,7.7,clear sky
393,Abu Zabad,SD,12.35,29.25,84.83,43,9,10.83,clear sky
394,Yenagoa,NG,4.9247,6.2642,72.3,96,100,1.57,overcast clouds
395,Olinda,BR,-8.0089,-34.8553,73.13,100,75,6.91,broken clouds
396,Mahabad,IR,36.7631,45.7222,82.29,23,94,7.52,overcast clouds
397,Springbok,ZA,-29.6643,17.8865,51.21,40,0,9.95,clear sky
398,Namibe,AO,-15.1961,12.1522,72.23,41,38,4.61,scattered clouds
399,Sakaraha,MG,-22.9,44.5333,64.51,76,1,3.6,clear sky
400,Caceres,ES,39.522,-6.3748,55.83,67,31,3.4,scattered clouds
401,Visby,SE,57.6409,18.296,53.82,87,0,5.75,clear sky
402,Jumla,NP,29.2747,82.1838,74.84,27,3,6.8,clear sky
403,Carcassonne,FR,43.25,2.1667,63.14,91,0,2.3,clear sky
404,Columbus,US,39.9612,-82.9988,72.12,57,20,8.05,few clouds
405,Chimbote,PE,-9.0853,-78.5783,63.86,89,96,9.55,overcast clouds
406,Maltahohe,NA,-24.8333,16.9833,46.2,45,42,8.23,scattered clouds
407,Ormara,PK,25.2088,64.6357,83.44,76,0,12.88,clear sky
408,Micheweni,TZ,-4.9667,39.8333,74.57,86,100,16.98,light rain
409,Moshenskoye,RU,58.5102,34.5911,53.78,76,94,6.2,overcast clouds
410,Oksfjord,NO,70.2396,22.3479,50.07,69,92,13.94,overcast clouds
411,Calvinia,ZA,-31.4707,19.776,51.03,35,0,7.74,clear sky
412,Chapais,CA,49.7834,-74.8492,51.58,95,64,2.71,broken clouds
413,Albanel,CA,48.8832,-72.4487,53.58,94,97,2.3,overcast clouds
414,Sztum,PL,53.9208,19.0307,60.35,81,95,6.73,overcast clouds
415,Neustadt,DE,49.7117,12.0872,61.29,88,100,3.44,overcast clouds
416,Beira,MZ,-19.8436,34.8389,66.29,82,40,11.5,scattered clouds
417,Marica,BR,-22.9194,-42.8186,58.95,78,3,8.66,clear sky
418,Havoysund,NO,70.9963,24.6622,44.83,79,90,26.28,overcast clouds
419,Brasilia De Minas,BR,-16.2064,-44.4333,58.87,73,0,10.22,clear sky
420,Teya,RU,60.3778,92.6267,55.0,51,97,3.96,overcast clouds
421,Saint-Louis,SN,16.3333,-15.0,79.5,52,4,14.56,clear sky
422,Mehran,IR,33.1222,46.1646,105.64,9,34,7.16,scattered clouds
423,Kuri,KR,37.5986,127.1394,71.49,56,75,12.66,broken clouds
424,Gao,ML,16.6362,1.637,83.48,32,2,17.54,clear sky
425,Kindu,CD,-2.95,25.95,67.62,83,98,1.83,overcast clouds
426,Olafsvik,IS,64.8945,-23.7142,42.01,56,90,14.61,overcast clouds
427,Port-Cartier,CA,50.0334,-66.8654,44.74,83,11,3.06,few clouds
428,Careiro Da Varzea,BR,-3.2003,-59.8119,74.03,97,100,4.34,overcast clouds
429,Khromtau,KZ,50.2503,58.4347,74.32,44,18,8.34,few clouds
430,Gayeri,BF,12.6497,0.4931,80.19,61,61,14.36,broken clouds
431,Bahia Blanca,AR,-38.7196,-62.2724,49.59,65,14,11.27,few clouds
432,Lagos,NG,6.5833,3.75,77.32,85,100,2.66,overcast clouds
433,Maragogi,BR,-9.0122,-35.2225,73.69,88,40,4.5,scattered clouds
434,Urambo,TZ,-5.0667,32.05,60.76,59,75,4.54,broken clouds
435,Puerto Leguizamo,CO,-0.1934,-74.7819,72.75,96,100,0.78,heavy intensity rain
436,Acton Vale,CA,45.6501,-72.5658,52.9,98,20,4.34,few clouds
437,Asfi,MA,32.2994,-9.2372,64.47,86,1,13.53,clear sky
438,Nantucket,US,41.2835,-70.0995,61.0,91,0,5.75,clear sky
439,Sokoni,TZ,-6.4333,39.55,75.58,81,100,17.78,light rain
440,Abrau-Dyurso,RU,44.69,37.59,69.26,78,12,2.84,few clouds
441,Pital,CO,2.2665,-75.8044,65.61,92,93,4.9,overcast clouds
442,Tocopilla,CL,-22.092,-70.1979,63.63,71,86,4.54,overcast clouds
443,Angoche,MZ,-16.2325,39.9086,67.66,90,95,11.97,overcast clouds
444,Talnakh,RU,69.4865,88.3972,33.21,62,33,3.24,scattered clouds
445,Thompson,CA,55.7435,-97.8558,53.76,71,40,5.75,scattered clouds
446,Manakara,MG,-22.1333,48.0167,67.06,93,67,5.44,broken clouds
447,Gornopravdinsk,RU,60.05,69.9,52.83,42,29,4.74,scattered clouds
448,Odweyne,SO,9.4092,45.064,76.55,53,32,19.82,scattered clouds
449,Oranjemund,NA,-28.55,16.4333,64.58,32,0,13.0,clear sky
450,Korla,CN,41.7597,86.1469,84.58,9,0,14.61,clear sky
451,Camabatela,AO,-8.1881,15.375,58.87,50,95,6.69,overcast clouds
452,Urumqi,CN,43.801,87.6005,72.55,23,0,6.71,clear sky
453,Sidhi,IN,24.4167,81.8833,109.15,8,7,6.64,clear sky
454,Darovskoy,RU,58.77,47.9564,59.83,79,31,1.79,scattered clouds
455,Gbadolite,CD,4.2833,21.0167,69.19,99,100,3.74,overcast clouds
456,Stephenville,US,32.2207,-98.2023,84.24,50,5,22.59,clear sky
457,Taoudenni,ML,22.6783,-3.9836,92.48,8,62,7.02,broken clouds
458,Riyadh,SA,24.6877,46.7219,87.94,7,0,6.2,clear sky
459,Puerto Del Rosario,ES,28.5004,-13.8627,67.75,73,40,13.8,scattered clouds
460,Maues,BR,-3.3836,-57.7186,72.28,99,100,2.55,overcast clouds
461,Omaruru,NA,-21.4333,15.9333,49.66,54,99,10.31,overcast clouds
462,Baherden,TM,38.4362,57.4316,93.31,10,2,13.67,clear sky
463,Narasannapeta,IN,18.4167,84.05,91.89,60,96,11.7,overcast clouds
464,Liverpool,GB,53.4106,-2.9779,52.29,90,100,3.44,overcast clouds
465,Medvezhyegorsk,RU,62.9167,34.4667,53.17,49,55,8.9,broken clouds
466,Itarema,BR,-2.9248,-39.9167,74.08,91,94,9.53,overcast clouds
467,Gopinathpur,IN,22.65,86.0667,92.88,30,88,7.14,overcast clouds
468,General Roca,AR,-39.0333,-67.5833,52.63,56,94,12.17,overcast clouds
469,Guntakal,IN,15.1667,77.3833,87.67,41,100,8.37,overcast clouds
470,Shenkursk,RU,62.1091,42.896,60.37,66,7,5.39,clear sky
471,Bosansko Grahovo,BA,44.1794,16.3639,67.64,69,52,1.72,broken clouds
472,Turbat,PK,26.0023,63.044,101.68,5,0,5.1,clear sky
473,Zeerust,ZA,-25.5369,26.0751,44.96,68,15,4.18,few clouds
474,La Dolorita,VE,10.4883,-66.7861,69.42,90,15,1.01,few clouds
475,Millau,FR,44.0833,2.9167,53.73,96,6,2.06,clear sky
476,Nueve De Julio,AR,-35.4444,-60.8831,45.3,76,1,3.15,clear sky
477,Port-Gentil,GA,-0.7193,8.7815,75.31,87,100,5.82,overcast clouds
478,Nekhayevskiy,RU,50.4106,41.7561,60.69,74,4,14.79,clear sky
479,Colares,PT,38.7992,-9.4469,62.29,75,85,18.01,overcast clouds
480,Sembe,CG,1.6481,14.5806,68.18,98,90,1.21,overcast clouds
481,Saraland,US,30.8207,-88.0706,77.72,78,81,2.66,broken clouds
482,Oksbol,DK,55.6268,8.2876,55.9,90,100,19.53,light rain
483,Kjollefjord,NO,70.9457,27.3465,44.65,83,89,21.79,overcast clouds
484,Mkushi,ZM,-13.6202,29.3939,51.33,82,43,9.82,scattered clouds
485,Sur,OM,22.5667,59.5289,94.89,38,0,2.73,clear sky
486,Kamina,CD,-8.7386,24.9906,55.15,65,5,5.7,clear sky
487,Concord,US,37.978,-122.0311,68.99,82,0,9.22,clear sky
488,Ugoofaaru,MV,5.6667,73.0,82.51,77,99,11.9,overcast clouds
489,Polyarnyy,RU,69.1989,33.4478,42.73,88,100,24.94,moderate rain
490,Rtishchevo,RU,52.2604,43.7874,56.91,87,100,12.19,overcast clouds
491,Rundu,NA,-17.9333,19.7667,43.75,66,48,6.6,scattered clouds
492,Schenectady,US,42.8334,-74.0829,57.9,84,76,1.3,broken clouds
493,Bereznik,RU,62.8551,42.7072,60.64,68,12,4.38,few clouds
494,Pipri,IN,19.8,75.5333,92.88,30,99,8.1,overcast clouds
495,Beyneu,KZ,45.3167,55.2,92.39,11,99,18.63,overcast clouds
496,Moengo,SR,5.6167,-54.4,72.99,97,100,4.21,overcast clouds
497,Osterburg,DE,52.7833,11.7667,64.22,91,100,9.48,overcast clouds
498,Tanem,NO,63.3078,10.4319,41.02,83,60,2.08,broken clouds
499,Varkkallai,IN,8.7341,76.7067,85.78,77,99,5.82,overcast clouds
500,Quattro Castella,IT,44.635,10.4743,68.34,75,1,3.8,clear sky
501,Vestmanna,FO,62.1564,-7.1664,49.12,87,100,8.05,overcast clouds
502,Antalaha,MG,-14.9003,50.2788,72.93,71,2,7.54,clear sky
503,Kariba,ZW,-16.5167,28.8,57.45,64,0,5.75,clear sky
504,Molina,CL,-35.1167,-71.2833,47.37,100,8,3.44,fog
505,Mbandaka,CD,0.0487,18.2603,70.48,91,98,1.86,overcast clouds
506,Fomboni,KM,-12.28,43.7425,78.03,75,16,22.32,moderate rain
507,Bitlis,TR,38.5,42.25,68.34,26,0,4.7,clear sky
508,Pervomayskiy,RU,53.2485,40.2871,56.71,83,0,13.78,clear sky
509,Salinopolis,BR,-0.6136,-47.3561,77.86,85,100,6.64,overcast clouds
510,Zig,US,40.127,-92.7663,69.39,75,0,5.75,light rain
511,Tutoia,BR,-2.7619,-42.2744,74.79,91,99,7.94,overcast clouds
512,Orsha,BY,54.5153,30.4053,57.2,73,33,5.7,scattered clouds
513,Laguna,US,38.421,-121.4238,74.39,71,0,10.36,clear sky
514,Bahia Honda,CU,22.9036,-83.1592,77.58,85,92,0.18,overcast clouds
515,Jablah,SY,35.3614,35.9256,70.09,83,20,3.44,few clouds
516,Onega,RU,63.9061,38.1404,49.28,90,100,5.44,overcast clouds
517,Batie,BF,9.8833,-2.9167,72.97,87,100,6.8,overcast clouds
518,Capreol,CA,46.706,-80.9225,54.07,71,40,5.75,scattered clouds
519,Itapage,BR,-3.6867,-39.5861,69.17,97,82,2.62,broken clouds
520,Kondinskoye,RU,59.6481,67.41,55.72,42,40,6.78,scattered clouds
521,Dudinka,RU,69.4058,86.1778,33.62,43,10,5.17,clear sky
522,Plyussa,RU,58.4308,29.3654,54.81,74,90,8.43,overcast clouds
523,Fernandopolis,BR,-20.2839,-50.2464,64.27,58,6,7.45,clear sky
524,Tamayo,DO,18.3947,-71.2029,75.92,91,87,1.74,overcast clouds
525,Mirnyy,RU,62.5353,113.9611,60.24,82,100,7.0,overcast clouds
526,Balkanabat,TM,39.5108,54.3671,95.32,8,27,16.53,scattered clouds
527,Roros,NO,62.5747,11.3842,33.64,86,40,4.61,scattered clouds
528,Chaumont,FR,48.1167,5.1333,54.37,95,80,4.85,broken clouds
529,Asosa,ET,10.0667,34.5333,63.86,82,100,5.21,overcast clouds
530,Ladnun,IN,27.65,74.3833,100.13,15,0,17.18,clear sky
531,Kuusamo,FI,65.9667,29.1833,48.24,53,0,13.8,clear sky
532,Abnub,EG,27.2696,31.1511,79.02,27,24,4.59,few clouds
533,Zomin,UZ,39.9606,68.3958,82.96,21,0,6.15,clear sky
534,Sardinata,CO,8.0829,-72.8007,73.08,81,89,3.56,overcast clouds
535,Aksarka,RU,66.5606,67.7975,47.82,37,99,5.06,overcast clouds
536,Doka,SD,13.5167,35.7667,81.95,48,66,10.69,broken clouds
537,Oussouye,SN,12.485,-16.5469,80.69,83,18,7.05,few clouds
538,Maputo,MZ,-25.9653,32.5892,62.22,87,75,11.5,broken clouds
539,Vaikam,IN,9.7667,76.4,85.96,71,97,2.59,overcast clouds
540,Limoges,FR,45.75,1.3333,54.16,94,100,3.44,overcast clouds
541,Oranjestad,AW,12.524,-70.027,82.35,78,40,19.57,scattered clouds
542,Machhiwara,IN,30.9147,76.1983,106.47,8,4,5.06,clear sky
543,Goya,AR,-29.14,-59.2626,60.84,98,100,5.86,overcast clouds
544,Carupano,VE,10.6678,-63.2585,75.63,91,14,5.12,few clouds
545,Negombo,LK,7.2083,79.8358,84.25,79,40,11.5,scattered clouds
546,Porto Walter,BR,-8.2686,-72.7439,74.28,85,97,1.23,overcast clouds
547,Abdulino,RU,53.7,53.6667,63.01,76,95,9.04,overcast clouds
548,Kalmunai,LK,7.4167,81.8167,85.73,64,100,6.02,overcast clouds
549,Kasongo-Lunda,CD,-6.4667,16.8167,63.63,61,30,3.29,scattered clouds
550,Zambezi,ZM,-13.5432,23.1047,47.84,77,47,5.93,scattered clouds
551,Ndele,CF,8.4109,20.6473,69.33,93,100,3.65,overcast clouds
552,Abu Samrah,SY,35.3029,37.1841,73.56,43,0,9.13,clear sky
553,Mangai,CD,-4.05,19.5333,67.03,68,60,2.46,broken clouds
554,Mecca,SA,21.4267,39.8261,97.21,12,0,4.05,clear sky
555,Biritiba-Mirim,BR,-23.5698,-46.0407,55.18,95,7,3.18,clear sky
556,Mao,ES,39.8885,4.2658,68.56,83,0,8.05,clear sky
557,Bayir,TR,37.2687,28.2167,64.92,57,0,4.43,clear sky
558,Hobyo,SO,5.3505,48.5268,81.81,70,84,22.19,broken clouds
559,Lima,PE,-12.0432,-77.0282,61.9,84,75,13.8,broken clouds
560,Virginia Beach,US,36.8529,-75.978,68.02,78,75,5.75,broken clouds
561,Chapleau,CA,47.8405,-83.4034,48.76,89,64,1.41,broken clouds
562,Matay,EG,28.419,30.7792,81.43,41,4,10.85,clear sky
563,Karwar,IN,14.8,74.1333,85.93,65,98,5.84,overcast clouds
564,Loznica,RS,44.5342,19.2242,67.41,90,43,0.4,scattered clouds
565,Maniitsoq,GL,65.4167,-52.9,41.25,57,1,9.75,clear sky
566,Mandera,KE,3.9366,41.867,78.8,59,87,18.61,overcast clouds
567,Buta,CD,2.7858,24.73,68.45,99,87,1.81,overcast clouds
568,Sao Gabriel Da Cachoeira,BR,-0.1303,-67.0892,70.38,99,66,1.57,broken clouds
569,Mossendjo,CG,-2.9506,12.7261,66.07,90,66,1.74,broken clouds
570,Necochea,AR,-38.5473,-58.7368,46.45,75,10,9.04,clear sky
571,Zaranj,AF,30.9667,61.8833,87.76,10,0,18.75,clear sky
572,Tsumeb,NA,-19.2333,17.7167,49.98,53,81,11.74,broken clouds
573,Sisimiut,GL,66.9395,-53.6735,39.18,58,0,14.81,clear sky
574,Taltal,CL,-25.4,-70.4833,58.78,82,1,1.9,clear sky
575,Olhao,PT,37.0286,-7.8411,67.89,59,0,4.61,clear sky
576,Lamu,KE,-2.2717,40.902,77.22,80,90,16.31,light rain
577,Bell Ville,AR,-32.6259,-62.6887,44.67,72,79,1.77,broken clouds
578,Edd,ER,13.9297,41.6925,90.39,52,78,4.32,broken clouds
579,Sept-Iles,CA,50.2001,-66.3821,45.05,93,0,3.44,clear sky
580,Grindavik,IS,63.8424,-22.4338,43.27,65,75,12.66,broken clouds
581,Longido,TZ,-2.7333,36.6833,62.17,83,70,9.28,broken clouds
582,Clarence Town,AU,-32.5833,151.7833,63.81,51,0,14.7,clear sky
583,Turukhansk,RU,65.8167,87.9833,46.92,44,50,6.62,scattered clouds
584,Safidon,IN,29.4167,76.6667,106.56,10,1,8.97,clear sky
585,Bloemfontein,ZA,-29.1211,26.214,33.28,100,0,3.44,clear sky
586,Tarko-Sale,RU,64.9225,77.785,41.4,51,100,6.6,overcast clouds
587,Tsiroanomandidy,MG,-18.7667,46.0333,65.35,73,96,2.93,overcast clouds
588,Sarab,IR,38.6066,44.9883,82.13,25,6,7.94,clear sky
589,Baghdad,IQ,33.3406,44.4009,96.71,17,29,1.14,dust
590,Ciudad Bolivar,VE,8.1222,-63.5497,76.12,83,100,0.63,overcast clouds
591,Waddan,LY,29.1614,16.139,75.78,40,0,4.36,clear sky
592,Paragominas,BR,-2.9667,-47.4833,71.15,100,100,2.57,overcast clouds
593,Nagaur,IN,27.2,73.7333,96.96,20,26,17.43,scattered clouds
594,Baillif,GP,16.0202,-61.7463,80.1,79,46,12.73,scattered clouds
595,Oriximina,BR,-1.7656,-55.8661,74.66,93,100,2.28,overcast clouds
596,Igrim,RU,63.1906,64.4162,48.97,42,68,5.66,broken clouds
597,Odienne,CI,9.51,-7.5692,71.89,82,100,3.6,overcast clouds
598,Irmo,US,34.086,-81.1832,71.11,71,20,3.44,few clouds
599,Harindanga,IN,22.0383,88.3214,94.01,55,19,16.6,few clouds
600,Tiznit,MA,29.5833,-9.5,64.99,70,75,1.03,broken clouds
601,Nouakchott,MR,18.0858,-15.9785,75.13,36,17,9.69,few clouds
602,Viloco,BO,-16.95,-67.55,39.65,89,96,2.1,overcast clouds
603,Parana,AR,-31.732,-60.5238,52.56,95,33,5.37,scattered clouds
604,Artyom,AZ,40.4723,50.333,78.94,70,0,11.39,clear sky
605,Mahibadhoo,MV,3.7833,72.9667,82.78,74,100,9.55,overcast clouds
606,Folldal,NO,62.1325,9.9968,47.64,76,39,6.22,scattered clouds
607,Westport,US,41.1415,-73.3579,61.9,78,15,3.0,few clouds
608,Media Luna,CU,20.1419,-77.435,80.29,77,97,15.95,overcast clouds
609,Jawhar,SO,2.7809,45.5005,80.73,68,97,18.45,overcast clouds
610,Zomba,MW,-15.386,35.3188,57.88,84,62,7.74,broken clouds
611,Nebolchi,RU,59.1239,33.3454,54.0,73,95,7.36,overcast clouds
612,Campobasso,IT,41.6333,14.5833,78.94,50,0,3.58,clear sky
613,Rosario,AR,-32.9468,-60.6393,50.83,89,81,2.3,broken clouds
614,Rylsk,RU,51.5655,34.6822,57.56,81,1,7.81,clear sky
615,Huarmey,PE,-10.0681,-78.1522,64.63,88,76,10.89,broken clouds
616,Mimoso Do Sul,BR,-21.0642,-41.3664,57.88,87,8,3.42,clear sky
617,Mezen,RU,65.8522,44.24,59.59,73,48,6.24,scattered clouds
618,Mastic Beach,US,40.7668,-72.8521,64.38,75,0,4.0,clear sky
619,Kaka,TM,37.3482,59.6143,91.24,9,0,10.85,clear sky
620,Platonovka,RU,52.7106,41.952,57.31,81,96,13.31,overcast clouds
621,Garowe,SO,8.4054,48.4845,82.65,51,59,25.08,broken clouds
622,Ulfborg,DK,56.2673,8.3217,57.56,67,100,12.15,overcast clouds
623,Sarai Mir,IN,26.0167,82.9167,103.86,25,74,2.71,broken clouds
624,Rabat,MA,33.9911,-6.8401,65.16,95,40,0.0,scattered clouds
625,Puyo,EC,-1.4667,-77.9833,63.09,97,85,2.53,light rain
626,Arroyo,ES,41.6096,-4.7969,57.15,76,0,3.44,clear sky
627,Bougouni,ML,11.417,-7.479,77.77,58,51,5.84,broken clouds
628,Diffa,NE,13.3154,12.6113,82.08,47,60,2.93,broken clouds
629,General Pico,AR,-35.6566,-63.7568,44.38,76,0,4.94,clear sky
630,Bolshaya Glushitsa,RU,50.2406,43.5908,61.88,80,70,15.7,broken clouds
631,Koulamoutou,GA,-1.1303,12.4736,69.64,97,30,1.25,scattered clouds
632,Qeshm,IR,26.9581,56.2719,96.67,52,1,1.03,clear sky
633,Chipinge,ZW,-20.1883,32.6236,52.03,94,64,6.42,light rain
634,Borba,BR,-4.3878,-59.5939,72.25,99,100,1.41,moderate rain
635,Paita,PE,-5.0892,-81.1144,64.72,87,99,10.45,overcast clouds
636,Carauari,BR,-4.8828,-66.8958,71.64,99,74,1.41,broken clouds
637,Oskarshamn,SE,57.2645,16.4484,52.99,64,100,6.62,overcast clouds
638,Coari,BR,-4.085,-63.1414,72.95,98,100,2.13,overcast clouds
639,Carepa,CO,7.7585,-76.6525,73.99,98,96,3.67,overcast clouds
640,Qarqin,AF,37.4185,66.0436,91.04,13,0,4.72,clear sky
641,Thunder Bay,CA,48.4001,-89.3168,48.18,81,40,2.3,scattered clouds
642,Savalou,BJ,7.9281,1.9756,73.63,92,100,2.24,overcast clouds
643,Kiruna,SE,67.8557,20.2251,40.12,60,34,3.44,scattered clouds
644,Bodden Town,KY,19.2833,-81.25,82.0,83,100,7.0,overcast clouds
645,Hvide Sande,DK,56.0045,8.1294,57.09,80,100,16.98,overcast clouds
646,Puerto Madryn,AR,-42.7692,-65.0385,56.14,54,90,22.79,overcast clouds
647,Nisia Floresta,BR,-6.0911,-35.2086,77.38,89,15,7.72,light rain
648,Goure,NE,13.9835,10.2704,84.02,42,97,3.44,overcast clouds
649,Mola Di Bari,IT,41.0609,17.0873,80.4,50,57,7.09,broken clouds
650,Saint-Michel-Des-Saints,CA,46.6834,-73.9159,48.94,93,56,0.58,broken clouds
651,Makhinjauri,GE,41.6739,41.694,66.06,88,75,5.75,broken clouds
652,Kutum,SD,14.2,24.6667,79.59,15,68,12.12,broken clouds
653,Atasu,KZ,48.6814,71.6433,62.55,39,99,14.88,overcast clouds
654,Coello,CO,4.2891,-74.8982,72.9,89,68,3.06,broken clouds
655,Point Pleasant,US,40.0832,-74.0682,62.96,60,0,3.44,clear sky
656,Chamba,IN,32.5667,76.1333,95.25,14,0,7.81,clear sky
657,Saint-Francois,FR,46.4154,3.9054,59.68,94,75,2.3,broken clouds
658,Boralday,KZ,43.3578,76.8594,73.26,43,75,4.47,broken clouds
659,Gargalianoi,GR,37.0667,21.6333,63.21,57,5,3.42,clear sky
660,Gedo,ET,9.0167,37.45,55.76,84,84,1.7,light rain
661,Zabol,AF,32.25,67.25,78.96,8,0,7.49,clear sky
662,Saint-Joseph,RE,-21.3667,55.6167,71.98,71,71,8.52,broken clouds
663,Sechura,PE,-5.5569,-80.8222,64.76,86,91,7.92,overcast clouds
664,Libertador General San Martin,AR,-23.8064,-64.7876,57.97,89,100,0.47,overcast clouds
665,Maldonado,UY,-34.6667,-54.9167,50.23,95,83,3.38,broken clouds
666,Havre-Saint-Pierre,CA,50.2334,-63.5986,46.76,87,100,4.61,overcast clouds
667,Kemijarvi,FI,66.7131,27.4306,49.1,44,26,8.08,scattered clouds
668,Alta Floresta,BR,-9.8756,-56.0861,71.8,72,34,3.56,scattered clouds
669,Shamary,RU,57.3434,58.2199,60.58,62,100,6.38,overcast clouds
670,Araria,IN,26.15,87.5167,88.65,63,92,11.63,heavy intensity rain
671,Garavuti,TJ,37.5672,68.4469,86.65,16,0,1.88,clear sky
672,Burriana,ES,39.889,-0.085,67.69,64,0,6.06,clear sky
673,Mwene-Ditu,CD,-7.0,23.45,59.97,64,6,4.76,clear sky
674,Boa Vista,BR,2.8197,-60.6733,76.98,83,40,4.61,scattered clouds
675,Pimentel,PE,-6.8367,-79.9342,63.05,91,88,10.47,overcast clouds
676,Rahimatpur,IN,17.6,74.2,81.95,54,99,6.26,overcast clouds
677,Tete,MZ,-16.1564,33.5867,66.29,72,75,0.0,broken clouds
678,Robertsport,LR,6.7533,-11.3686,78.44,82,100,3.4,light rain
679,Soyo,AO,-6.1349,12.3689,72.88,93,20,6.22,few clouds
680,Staritsa,RU,56.5075,34.9354,57.54,71,32,6.31,scattered clouds
681,Aswan,EG,24.0934,32.907,85.3,20,0,5.75,clear sky
682,Fort-Shevchenko,KZ,44.5086,50.263,75.36,47,88,6.29,overcast clouds
